PM10 시도별 대기정보,,,,,,,,,,,,,,,,,
,,,,,,,,,,,,,,,,,
날짜,서울,부산,대구,인천,광주,대전,울산,경기,강원,충북,충남,전북,전남,경북,경남,제주,세종
2020-01-31,        30,        25,        30,        37,        42,        41,        20,        40,        22,        40,        47,        40,        37,        24,        27,        33,        43
2020-01-30,        18,        20,        18,        22,        37,        26,        19,        22,        16,        23,        31,        31,        31,        19,        17,        37,        27
2020-01-29,        17,        20,        22,        18,        23,        22,        19,        20,        18,        22,        23,        18,        16,        20,        16,        14,        24
2020-01-28,        12,        10,        12,        13,        13,        16,        12,        13,        15,        15,        19,        12,         9,        14,         8,        12,        17
2020-01-27,        11,        10,         6,        10,         5,         8,        11,        11,        13,        11,        12,         5,         5,        11,         5,        14,        11
2020-01-26,        27,        15,        18,        35,        35,        29,        14,        30,        18,        29,        46,        43,        31,        18,        16,        23,        38
2020-01-25,        49,        23,        23,        48,        49,        55,        20,        55,        26,        57,        80,        70,        43,        24,        25,        32,        75
2020-01-24,        71,        36,        42,        66,        63,        75,        40,        76,        45,        82,        78,        65,        49,        45,        37,        48,        82
2020-01-23,        62,        21,        43,        63,        25,        49,        21,        66,        41,        51,        63,        40,        22,        32,        22,        25,        58
2020-01-22,        45,        39,        63,        50,        28,        47,        38,        54,        36,        56,        54,        42,        27,        44,        40,        20,        62
2020-01-21,        44,        35,        35,        47,        28,        37,        33,        50,        36,        41,        44,        33,        26,        33,        29,        28,        44
2020-01-20,        52,        62,        59,        45,        74,        57,        60,        58,        53,        61,        54,        61,        62,        55,        54,        66,        60
2020-01-19,        63,        46,        54,        63,        69,        57,        43,        68,        54,        64,        72,        71,        65,        53,        48,        63,        63
2020-01-18,        64,        30,        45,        59,        38,        51,        32,        69,        40,        60,        44,        46,        29,        41,        33,        26,        55
2020-01-17,        58,        35,        49,        61,        32,        54,        29,        66,        37,        59,        52,        41,        25,        38,        31,        24,        59
2020-01-16,        43,        36,        35,        38,        28,        39,        30,        48,        35,        47,        38,        33,        25,        35,        27,        22,        45
2020-01-15,        38,        36,        36,        42,        35,        38,        31,        44,        31,        42,        36,        33,        27,        36,        30,        22,        40
2020-01-14,        31,        33,        31,        32,        24,        32,        25,        38,        25,        35,        33,        28,        23,        27,        26,        23,        38
2020-01-13,        26,        22,        21,        21,        19,        21,        20,        27,        26,        23,        23,        17,        17,        22,        17,        26,        23
2020-01-12,        46,        39,        33,        35,        21,        29,        34,        45,        49,        40,        31,        26,        21,        37,        29,        28,        35
2020-01-11,        54,        44,        49,        50,        45,        54,        38,        59,        51,        63,        48,        47,        40,        45,        41,        37,        58
2020-01-10,        64,        40,        46,        65,        32,        53,        40,        68,        45,        65,        53,        42,        32,        45,        35,        26,        61
2020-01-09,        50,        31,        37,        46,        33,        42,        30,        51,        39,        45,        43,        34,        30,        37,        28,        37,        45
2020-01-08,        27,        18,        15,        31,        33,        27,        12,        29,        13,        23,        40,        33,        28,        14,        14,        33,        31
2020-01-07,         8,        22,        38,        11,        13,        11,        21,        10,        15,        15,        11,        10,        16,        24,        20,        30,        13
2020-01-06,        38,        34,        52,        42,        25,        32,        35,        46,        41,        51,        41,        26,        24,        44,        34,        24,        58
2020-01-05,        52,        42,        45,        50,        45,        48,        44,        55,        42,        59,        50,        50,        42,        47,        36,        42,        57
2020-01-04,        55,        35,        50,        57,        61,        67,        35,        63,        45,        68,        66,        71,        53,        46,        39,        47,        69
2020-01-03,        67,        57,        66,        64,        69,        73,        50,        76,        54,        78,        79,        74,        54,        63,        54,        43,        75
2020-01-02,        59,        51,        55,        57,        49,        55,        46,        66,        45,        60,        65,        54,        40,        50,        43,        33,        61
2020-01-01,        34,        20,        23,        33,        21,        27,        18,        35,        26,        32,        34,        25,        19,        23,        18,        17,        32
2020-02-29,        24,        19,        30,        20,        15,        25,        16,        27,        22,        30,        33,        20,        16,        24,        21,        16,        33
2020-02-28,        25,        21,        27,        28,        20,        23,        21,        31,        22,        27,        38,        30,        18,        23,        24,        19,        30
2020-02-27,        13,        16,        14,        15,        42,        29,        15,        20,        12,        27,        41,        43,        35,        15,        20,        35,        35
2020-02-26,        18,        19,        19,        17,        14,        19,        19,        18,        12,        19,        23,        16,        15,        18,        17,        26,        23
2020-02-25,        20,        12,        16,        20,        22,        10,        12,        19,        20,        19,        19,        12,        24,        17,        12,        50,        23
2020-02-24,        35,        27,        35,        29,        24,        29,        31,        39,        41,        37,        31,        27,        21,        31,        25,        22,        36
2020-02-23,        23,        26,        23,        20,        23,        26,        24,        25,        27,        28,        27,        24,        22,        26,        24,        27,        27
2020-02-22,        72,        59,        65,        71,        76,        70,        54,        76,        60,        71,        79,        72,        74,        64,        58,        87,        73
2020-02-21,        59,        44,        57,        46,        40,        59,        47,        61,        59,        64,        55,        49,        37,        52,        43,        26,        67
2020-02-20,        58,        43,        54,        48,        34,        49,        43,        59,        43,        57,        49,        41,        34,        45,        41,        34,        60
2020-02-19,        33,        32,        32,        32,        26,        32,        27,        36,        28,        36,        32,        26,        23,        28,        28,        25,        38
2020-02-18,        23,        24,        23,        20,        20,        25,        21,        25,        26,        25,        25,        20,        19,        23,        20,        25,        24
2020-02-17,        30,        18,        19,        27,        17,        27,        15,        34,        26,        25,        31,        18,        20,        21,        15,        16,        26
2020-02-16,        25,        15,        16,        22,        12,        19,        15,        26,        17,        19,        21,        13,        13,        18,        13,        17,        20
2020-02-15,        63,        31,        51,        61,        36,        58,        34,        69,        48,        62,        82,        60,        37,        46,        41,        27,        77
2020-02-14,        82,        45,        49,        60,        34,        69,        37,        83,        61,        73,        88,        53,        32,        43,        38,        23,        89
2020-02-13,        71,        23,        29,        53,        22,        30,        26,        67,        37,        39,        49,        33,        15,        24,        19,        17,        32
2020-02-12,        47,        35,        63,        46,        27,        36,        37,        48,        48,        47,        47,        32,        24,        51,        36,        24,        47
2020-02-11,        56,        62,        64,        58,        56,        54,        50,        63,        46,        63,        63,        63,        59,        53,        57,        67,        54
2020-02-10,        48,        52,        47,        48,        55,        45,        49,        55,        40,        51,        60,        60,        59,        43,        52,        82,        47
2020-02-09,        36,        36,        30,        30,        28,        30,        31,        38,        34,        38,        35,        31,        27,        33,        27,        40,        34
2020-02-08,        40,        38,        38,        37,        36,        38,        35,        41,        36,        44,        43,        38,        36,        39,        34,        50,        40
2020-02-07,        36,        35,        44,        34,        32,        44,        30,        43,        37,        47,        42,        35,        28,        37,        34,        27,        44
2020-02-06,        39,        23,        28,        36,        19,        35,        18,        42,        25,        36,        36,        23,        19,        23,        19,        17,        37
2020-02-05,        23,        28,        23,        20,        20,        20,        22,        23,        21,        23,        23,        20,        21,        23,        22,        29,        22
2020-02-04,        24,        35,        31,        23,        26,        30,        28,        30,        30,        36,        30,        28,        27,        28,        32,        25,        33
2020-02-03,        25,        47,        37,        21,        34,        37,        36,        28,        28,        37,        34,        36,        29,        37,        38,        32,        37
2020-02-02,        69,        76,        78,        61,        58,        71,        68,        71,        64,        81,        74,        64,        55,        73,        72,        50,        79
2020-02-01,        69,        54,        66,        59,        57,        64,        53,        74,        57,        68,        71,        60,        54,        60,        52,        47,        66
2020-03-31,        50,        25,        34,        41,        33,        39,        27,        50,        40,        45,        41,        35,        29,        29,        27,        31,        43
2020-03-30,        52,        24,        30,        42,        36,        34,        25,        52,        30,        38,        48,        41,        31,        26,        26,        31,        47
2020-03-29,        41,        27,        28,        41,        36,        32,        26,        44,        24,        32,        46,        39,        30,        25,        25,        36,        39
2020-03-28,        34,        31,        37,        36,        34,        35,        33,        39,        30,        36,        41,        35,        31,        36,        32,        32,        37
2020-03-27,        42,        24,        35,        37,        22,        31,        23,        42,        27,        35,        38,        26,        20,        26,        22,        32,        39
2020-03-26,        50,        33,        43,        46,        17,        44,        36,        53,        47,        49,        46,        28,        19,        35,        34,        22,        60
2020-03-25,        50,        32,        43,        50,        40,        56,        35,        59,        46,        54,        62,        58,        33,        39,        34,        36,        63
2020-03-24,        57,        30,        38,        56,        55,        56,        30,        64,        36,        55,        68,        63,        46,        33,        33,        44,        65
2020-03-23,        50,        42,        40,        45,        41,        43,        40,        53,        39,        46,        52,        46,        36,        38,        34,        37,        46
2020-03-22,        40,        44,        53,        31,        40,        47,        48,        44,        40,        56,        50,        52,        45,        48,        49,        50,        51
2020-03-21,        54,        42,        57,        44,        46,        58,        55,        59,        62,        61,        54,        53,        39,        59,        41,        49,        62
2020-03-20,        41,        50,        56,        37,        40,        46,        53,        47,        37,        44,        45,        45,        38,        46,        44,        41,        44
2020-03-19,        59,        56,        58,        50,        50,        58,        58,        64,        57,        57,        59,        54,        45,        59,        47,        52,        58
2020-03-18,        58,        51,        50,        52,        49,        48,        52,        59,        43,        51,        50,        47,        43,        51,        46,        58,        57
2020-03-17,        51,        34,        53,        43,        37,        45,        40,        54,        34,        47,        51,        41,        29,        47,        34,        31,        51
2020-03-16,        24,        25,        25,        24,        26,        24,        25,        26,        21,        25,        30,        26,        24,        24,        21,        31,        25
2020-03-15,        41,        37,        36,        36,        50,        43,        34,        48,        40,        50,        52,        45,        47,        42,        33,        64,        49
2020-03-14,        41,        23,        27,        35,        28,        30,        26,        44,        39,        35,        39,        32,        24,        31,        21,        32,        34
2020-03-13,        31,        43,        35,        28,        30,        24,        45,        33,        32,        31,        32,        30,        30,        34,        36,        34,        27
2020-03-12,        34,        31,        36,        33,        32,        33,        32,        38,        42,        38,        35,        32,        27,        34,        28,        27,        36
2020-03-11,        33,        30,        29,        30,        36,        33,        27,        37,        33,        35,        41,        36,        32,        31,        26,        38,        36
2020-03-10,        41,        17,        28,        47,        32,        39,        17,        44,        17,        33,        53,        39,        26,        22,        20,        30,        59
2020-03-09,        58,        26,        40,        66,        34,        43,        27,        74,        40,        49,        86,        72,        28,        31,        31,        23,        81
2020-03-08,        59,        29,        35,        64,        23,        33,        27,        68,        36,        41,        69,        43,        21,        30,        25,        25,        51
2020-03-07,        55,        32,        46,        51,        26,        37,        39,        60,        43,        43,        54,        37,        21,        40,        31,        21,        55
2020-03-06,        41,        38,        39,        36,        28,        34,        39,        44,        39,        39,        36,        32,        27,        35,        34,        24,        43
2020-03-05,        36,        40,        38,        29,        28,        36,        42,        37,        43,        39,        36,        33,        27,        39,        34,        28,        37
2020-03-04,        46,        27,        30,        41,        32,        32,        28,        45,        40,        39,        39,        31,        29,        32,        25,        34,        34
2020-03-03,        45,        17,        23,        44,        35,        42,        19,        49,        31,        42,        47,        41,        28,        24,        24,        30,        46
2020-03-02,        38,        31,        37,        34,        35,        41,        31,        41,        32,        44,        44,        38,        33,        36,        31,        38,        45
2020-03-01,        45,        24,        33,        38,        30,        37,        24,        45,        30,        41,        45,        35,        24,        29,        25,        25,        54
2020-04-30,        34,        31,        41,        31,        37,        35,        39,        40,        39,        39,        35,        35,        30,        40,        31,        36,        39
2020-04-29,        44,        45,        44,        33,        34,        38,        48,        47,        50,        45,        37,        35,        29,        47,        36,        27,        41
2020-04-28,        36,        33,        32,        33,        33,        34,        34,        39,        33,        31,        37,        36,        27,        30,        29,        30,        36
2020-04-27,        32,        34,        32,        29,        32,        31,        32,        35,        26,        30,        34,        33,        27,        29,        29,        31,        31
2020-04-26,        30,        49,        37,        26,        29,        29,        44,        32,        31,        33,        31,        29,        32,        42,        37,        49,        31
2020-04-25,        58,        55,        56,        51,        62,        71,        59,        63,        62,        61,        65,        63,        52,        58,        49,        66,        67
2020-04-24,        39,        39,        38,        35,        36,        42,        39,        44,        42,        39,        42,        39,        32,        41,        32,        48,        40
2020-04-23,        43,        50,        51,        40,        52,        55,        47,        47,        35,        49,        53,        54,        48,        50,        42,        53,        53
2020-04-22,        83,        47,        54,        77,        65,        68,        44,        92,        85,        68,        82,        67,        56,        58,        43,        47,        70
2020-04-21,        35,        33,        30,        30,        29,        34,        28,        37,        37,        34,        38,        35,        27,        32,        27,        36,        34
2020-04-20,        14,        20,        19,        14,        20,        15,        19,        16,        15,        16,        19,        17,        17,        17,        18,        31,        15
2020-04-19,        24,        19,        23,        22,        22,        24,        20,        25,        19,        22,        31,        31,        20,        20,        20,        26,        27
2020-04-18,        26,        38,        32,        27,        40,        40,        32,        31,        21,        35,        44,        40,        39,        28,        31,        60,        44
2020-04-17,        39,        25,        28,        39,        26,        33,        25,        40,        27,        29,        43,        31,        26,        25,        25,        51,        40
2020-04-16,        52,        38,        37,        46,        43,        51,        34,        57,        37,        54,        53,        46,        39,        35,        37,        44,        55
2020-04-15,        62,        35,        44,        53,        40,        49,        37,        66,        53,        61,        54,        48,        32,        45,        30,        32,        61
2020-04-14,        50,        30,        31,        47,        30,        33,        30,        50,        37,        34,        45,        37,        29,        26,        26,        30,        37
2020-04-13,        23,        19,        16,        25,        20,        21,        20,        26,        17,        18,        27,        22,        19,        19,        17,        26,        23
2020-04-12,        30,        19,        21,        30,        26,        28,        20,        31,        27,        31,        33,        31,        22,        25,        17,        21,        33
2020-04-11,        38,        23,        30,        29,        27,        39,        27,        42,        35,        41,        34,        38,        21,        30,        23,        28,        40
2020-04-10,        42,        19,        27,        42,        42,        39,        17,        46,        24,        38,        44,        40,        34,        21,        27,        42,        42
2020-04-09,        47,        40,        39,        42,        34,        35,        40,        50,        37,        40,        43,        39,        31,        37,        36,        36,        40
2020-04-08,        43,        52,        41,        38,        32,        35,        48,        45,        44,        39,        39,        37,        33,        44,        41,        56,        36
2020-04-07,        57,        74,        85,        36,        50,        56,        83,        62,        79,        77,        47,        44,        50,        83,        63,        56,        65
2020-04-06,        53,        39,        43,        42,        39,        44,        42,        54,        50,        53,        48,        43,        36,        42,        35,        32,        54
2020-04-05,        47,        34,        33,        44,        32,        35,        31,        48,        33,        41,        45,        36,        31,        31,        32,        36,        39
2020-04-04,        68,        48,        57,        60,        69,        68,        47,        77,        59,        77,        82,        73,        61,        59,        50,        68,        74
2020-04-03,        56,        37,        43,        47,        47,        44,        40,        56,        40,        47,        54,        52,        40,        39,        33,        48,        50
2020-04-02,        39,        30,        38,        36,        41,        38,        29,        40,        31,        37,        43,        42,        39,        33,        31,        56,        42
2020-04-01,        69,        35,        56,        60,        43,        50,        41,        74,        49,        66,        61,        49,        40,        49,        41,        44,        58
2020-05-31,        40,        26,        39,        33,        32,        38,        34,        42,        31,        38,        43,        40,        30,        32,        32,        26,        40
2020-05-30,        39,        29,        36,        41,        39,        34,        33,        42,        22,        29,        43,        43,        35,        28,        32,        47,        37
2020-05-29,        34,        33,        34,        29,        37,        37,        35,        37,        23,        37,        34,        37,        34,        28,        34,        41,        34
2020-05-28,        28,        35,        33,        21,        34,        33,        42,        31,        25,        34,        30,        32,        27,        28,        31,        37,        32
2020-05-27,        23,        32,        26,        19,        30,        27,        32,        26,        19,        29,        27,        29,        28,        24,        29,        35,        28
2020-05-26,        38,        42,        41,        28,        32,        49,        47,        40,        33,        50,        42,        44,        30,        38,        36,        31,        43
2020-05-25,        36,        35,        25,        27,        27,        31,        39,        41,        26,        53,        41,        31,        21,        25,        26,        35,        34
2020-05-24,        24,        26,        28,        20,        26,        28,        32,        27,        23,        29,        27,        29,        24,        27,        27,        36,        29
2020-05-23,        46,        20,        27,        38,        26,        33,        22,        48,        25,        27,        41,        33,        22,        21,        24,        35,        35
2020-05-22,        42,        18,        31,        37,        26,        33,        17,        43,        23,        30,        39,        34,        23,        23,        27,        28,        34
2020-05-21,        21,        29,        33,        22,        22,        21,        29,        23,        17,        18,        28,        25,        23,        23,        29,        28,        25
2020-05-20,         7,        15,        14,         9,        15,        11,        15,        10,        12,         9,        15,        15,        16,        12,        16,        27,        12
2020-05-19,        14,        30,        25,        12,        24,        16,        27,        14,        11,        16,        21,        23,        26,        21,        26,        47,        18
2020-05-18,        41,        27,        43,        41,        26,        31,        34,        47,        25,        40,        41,        33,        27,        29,        29,        25,        36
2020-05-17,        41,        24,        53,        32,        36,        31,        34,        43,        37,        40,        37,        35,        31,        41,        32,        32,        34
2020-05-16,        23,        33,        38,        16,        25,        25,        29,        23,        19,        26,        19,        25,        27,        26,        31,        32,        22
2020-05-15,        30,        30,        40,        28,        22,        42,        38,        32,        31,        37,        34,        28,        24,        46,        28,        32,        42
2020-05-14,        41,        86,       107,        38,        72,        56,       112,        48,        53,        55,        55,        84,        51,        98,        77,        50,        62
2020-05-13,        30,        36,        47,        29,        31,        32,        43,        36,        41,        35,        33,        32,        31,        44,        35,        33,        33
2020-05-12,        40,        50,        61,        33,        53,        59,        56,        49,        48,        55,        49,        56,        48,        61,        48,        66,        49
2020-05-11,       112,        50,        58,       103,        51,        59,        56,       116,        83,        66,        75,        58,        48,        59,        47,        55,        59
2020-05-10,        29,        21,        22,        24,        21,        23,        22,        30,        17,        22,        28,        25,        18,        18,        19,        32,        25
2020-05-09,        13,        17,        17,        12,         9,        11,        22,        14,        12,        13,        14,        12,        13,        17,        14,        27,        16
2020-05-08,        26,        25,        32,        26,        29,        24,        30,        31,        23,        20,        31,        33,        25,        28,        26,        39,        27
2020-05-07,        27,        17,        21,        29,        33,        25,        18,        32,        18,        21,        32,        33,        26,        18,        20,        34,        25
2020-05-06,        33,        31,        34,        34,        33,        33,        29,        38,        22,        30,        39,        34,        32,        28,        32,        36,        33
2020-05-05,        36,        27,        34,        34,        32,        31,        29,        38,        24,        31,        31,        32,        30,        27,        33,        37,        29
2020-05-04,        35,        33,        40,        32,        24,        28,        37,        38,        27,        32,        34,        30,        23,        36,        34,        29,        28
2020-05-03,        28,        28,        32,        27,        13,        20,        31,        29,        30,        24,        25,        17,        15,        31,        26,        24,        27
2020-05-02,        48,        39,        50,        40,        33,        37,        46,        51,        49,        42,        42,        39,        35,        48,        38,        35,        44
2020-05-01,        50,        41,        49,        42,        41,        44,        47,        50,        49,        45,        44,        43,        40,        48,        39,        44,        47
2020-06-30,         8,        21,        11,         8,         6,         6,        18,        10,        10,         7,         9,         7,        11,        10,        13,        28,         5
2020-06-29,        35,        30,        43,        35,        27,        27,        39,        38,        31,        33,        30,        31,        25,        34,        31,        31,        31
2020-06-28,        29,        40,        34,        23,        34,        26,        41,        31,        27,        34,        29,        35,        33,        33,        39,        34,        27
2020-06-27,        25,        31,        38,        18,        31,        25,        37,        30,        32,        32,        28,        32,        29,        30,        32,        27,        32
2020-06-26,        22,        22,        25,        19,        18,        18,        31,        24,        21,        21,        21,        21,        16,        22,        21,        20,        21
2020-06-25,        13,        18,        25,        14,        26,        15,        20,        16,        13,        17,        16,        20,        21,        20,        18,        27,        17
2020-06-24,        28,        20,        28,        27,        16,        22,        27,        31,        22,        23,        28,        19,        19,        22,        21,        20,        28
2020-06-23,        42,        23,        34,        33,        25,        44,        28,        50,        34,        43,        48,        38,        25,        28,        26,        26,        52
2020-06-22,        39,        24,        30,        35,        39,        36,        28,        45,        30,        34,        45,        43,        29,        23,        25,        30,        41
2020-06-21,        34,        19,        27,        29,        35,        34,        17,        38,        32,        40,        39,        39,        28,        21,        25,        27,        39
2020-06-20,        38,        20,        26,        35,        36,        46,        20,        41,        24,        38,        42,        44,        30,        20,        30,        25,        47
2020-06-19,        25,        24,        25,        22,        21,        24,        24,        29,        15,        25,        33,        28,        18,        21,        25,        14,        29
2020-06-18,        35,        14,        22,        35,        15,        23,        18,        42,        40,        28,        30,        23,        10,        23,        15,        15,        27
2020-06-17,        49,        21,        34,        46,        44,        40,        29,        53,        36,        36,        41,        47,        33,        26,        27,        42,        41
2020-06-16,        56,        26,        30,        54,        36,        36,        27,        57,        28,        37,        46,        42,        29,        24,        28,        37,        42
2020-06-15,        26,        29,        28,        24,        28,        27,        29,        31,        32,        32,        28,        31,        24,        26,        27,        25,        28
2020-06-14,        37,        14,        16,        34,        15,        10,        16,        41,        31,        18,        24,        15,        13,        15,        14,        18,        13
2020-06-13,        50,        15,        19,        46,        12,        14,        25,        52,        38,        20,        31,        18,        12,        19,        13,        18,        18
2020-06-12,        45,        23,        42,        36,        35,        43,        42,        49,        37,        46,        38,        37,        21,        35,        25,        16,        47
2020-06-11,        29,        24,        26,        25,        17,        16,        29,        31,        31,        23,        25,        19,        17,        20,        23,        19,        18
2020-06-10,        43,        34,        46,        39,        31,        51,        35,        49,        58,        51,        46,        45,        33,        44,        39,        19,        51
2020-06-09,        49,        37,        57,        49,        42,        63,        48,        58,        60,        62,        61,        74,        39,        56,        43,        41,        59
2020-06-08,        42,        19,        49,        37,        56,        66,        31,        50,        58,        64,        55,        74,        37,        47,        33,        35,        63
2020-06-07,        49,        16,        37,        34,        66,        57,        20,        55,        42,        47,        50,        64,        46,        27,        33,        49,        56
2020-06-06,        56,        60,        65,        54,        58,        70,        56,        65,        42,        54,        61,        64,        48,        55,        64,        44,        63
2020-06-05,        47,        59,        83,        44,        58,        65,        75,        53,        57,        57,        38,        58,        39,        80,        64,        22,        50
2020-06-04,        50,        40,        61,        28,        31,        49,        57,        53,        88,        65,        32,        38,        27,        73,        42,        28,        47
2020-06-03,        47,        28,        43,        36,        31,        42,        41,        49,        44,        45,        30,        38,        24,        38,        28,        26,        44
2020-06-02,        24,        21,        27,        24,        30,        19,        25,        29,        21,        19,        25,        26,        22,        22,        20,        24,        24
2020-06-01,        19,        32,        33,        16,        19,        18,        34,        20,        23,        22,        19,        23,        22,        27,        29,        30,        17
2020-07-31,        24,        22,        22,        20,        12,        13,        20,        27,        23,        21,        17,        11,        14,        18,        21,        16,        13
2020-07-30,        20,        16,        24,        16,        10,        10,        20,        20,        15,        11,        15,         9,        14,        17,        15,        17,         9
2020-07-29,        12,        15,        29,        12,         7,        10,        30,        12,         9,        10,        13,         8,        13,        16,        17,        15,         9
2020-07-28,        13,        14,        19,        16,        14,        11,        12,        17,        13,        12,        17,        15,        19,        12,        16,        15,        11
2020-07-27,        14,        24,        39,        23,        24,        22,        27,        23,        13,        25,        27,        26,        23,        26,        28,        26,        22
2020-07-26,        10,        23,        23,        11,        13,        14,        26,        12,         9,        14,        18,        16,        17,        19,        24,        23,        13
2020-07-25,         5,        22,        11,         6,        12,        11,        23,         8,         8,        11,        13,        11,        16,        13,        18,        25,         9
2020-07-24,         6,        19,        10,         5,         5,         7,        19,         7,         9,         8,         9,         7,        10,        12,        13,        20,         7
2020-07-23,        16,         9,        12,        20,         9,        13,         9,        19,        14,        13,        18,        12,        11,         9,        14,        17,        17
2020-07-22,        23,        14,        15,        26,         9,        20,        17,        28,        21,        19,        31,        21,        13,        13,        15,        11,        24
2020-07-21,        28,        22,        17,        29,        12,        18,        19,        32,        21,        20,        28,        21,        14,        13,        20,        20,        18
2020-07-20,        18,        23,        19,        21,        13,        12,        20,        21,        16,        14,        18,        14,        18,        17,        19,        23,        11
2020-07-19,        21,        22,        25,        22,        16,        17,        24,        23,        19,        22,        22,        18,        18,        23,        21,        21,        19
2020-07-18,        42,        17,        26,        32,        28,        29,        17,        39,        22,        26,        33,        31,        21,        20,        22,        20,        32
2020-07-17,        37,        18,        25,        28,        32,        39,        17,        37,        22,        36,        32,        34,        26,        19,        25,        23,        37
2020-07-16,        28,        19,        23,        20,        13,        20,        21,        31,        19,        24,        29,        19,        18,        19,        23,        18,        24
2020-07-15,        12,        17,        14,        13,         7,         9,        16,        16,        13,        11,        16,         9,        11,        14,        15,        14,         9
2020-07-14,         7,        11,         9,         7,         7,         7,        10,         8,         9,         8,         9,         6,         8,        10,        11,        13,         6
2020-07-13,         8,         6,         7,         7,         6,         6,         8,         7,        10,         7,         6,         6,         9,         8,         7,        23,         4
2020-07-12,        13,        12,        19,        12,        14,         9,        15,        13,        18,        11,        16,        20,        12,        19,        16,        15,         9
2020-07-11,         8,        27,        28,         8,        20,        19,        29,        10,        11,        12,        20,        24,        18,        20,        29,        37,        14
2020-07-10,        15,        12,        17,        18,        10,        13,        15,        19,        13,        15,        23,        17,        12,        15,        12,        21,        14
2020-07-09,        38,        30,        52,        55,        26,        34,        38,        44,        25,        33,        42,        31,        26,        32,        35,        25,        31
2020-07-08,        32,        31,        36,        26,        22,        28,        36,        33,        23,        33,        29,        26,        25,        30,        32,        20,        25
2020-07-07,        18,        19,        25,        12,        18,        19,        26,        23,        25,        32,        23,        19,        14,        22,        20,        17,        21
2020-07-06,        25,        20,        30,        21,        21,        17,        27,        30,        22,        19,        29,        24,        23,        25,        26,        15,        22
2020-07-05,        28,        21,        25,        27,        14,        14,        24,        31,        23,        21,        26,        17,        19,        20,        25,        26,        17
2020-07-04,        22,        14,        16,        24,        14,         9,        13,        24,        13,        14,        21,        16,        14,        13,        17,        22,        14
2020-07-03,        36,        16,        21,        36,        20,        17,        17,        35,        18,        18,        28,        25,        18,        18,        20,        19,        21
2020-07-02,        52,        23,        29,        56,        32,        30,        25,        53,        20,        29,        37,        32,        29,        22,        27,        17,        32
2020-07-01,        21,        15,        15,        24,        12,        13,        16,        25,        14,        18,        22,        13,        12,        13,        13,        18,        18
2020-08-31,        10,        16,        14,        11,        18,         7,        15,        12,        14,        12,        17,        15,        19,        15,        19,        22,        10
2020-08-30,        14,        23,        17,        15,        12,        11,        17,        16,        11,        11,        16,        11,        17,        13,        20,        21,        12
2020-08-29,        16,        14,        14,        16,         9,        10,        15,        16,        15,        12,        13,        11,        14,        15,        17,        17,        10
2020-08-28,        23,        14,        19,        22,        13,        18,        16,        23,        22,        20,        22,        17,        17,        19,        16,        21,        17
2020-08-27,        21,        21,        20,        23,        24,        21,        18,        22,        20,        19,        24,        24,        30,        19,        23,        26,        19
2020-08-26,        23,        28,        26,        25,        16,        22,        28,        25,        23,        22,        27,        19,        21,        27,        24,,        20
2020-08-25,        32,        38,        34,        34,        25,        25,        42,        34,        28,        27,        33,        28,        31,        34,        35,        31,        28
2020-08-24,        24,        30,        32,        24,        26,        26,        31,        27,        24,        26,        30,        29,        32,        30,        33,        36,        27
2020-08-23,        13,        28,        25,        14,        30,        20,        22,        17,        15,        20,        24,        29,        33,        20,        31,        28,        19
2020-08-22,        17,        24,        27,        23,        43,        29,        20,        22,        15,        25,        34,        38,        38,        20,        32,        34,        28
2020-08-21,        29,        44,        48,        29,        36,        38,        39,        32,        18,        38,        35,        33,        41,        35,        50,        29,        37
2020-08-20,        37,        53,        40,        37,        32,        37,        41,        41,        34,        41,        39,        33,        35,        36,        45,        27,        40
2020-08-19,        43,        54,        37,        43,        35,        36,        51,        45,        38,        44,        40,        33,        37,        34,        42,        35,        40
2020-08-18,        34,        47,        31,        31,        26,        27,        48,        35,        28,        34,        30,        26,        31,        29,        37,        34,        28
2020-08-17,        25,        35,        25,        23,        23,        23,        35,        26,        25,        23,        24,        22,        23,        23,        30,        24,        24
2020-08-16,        23,        21,        21,        22,        17,        16,        23,        22,        22,        20,        20,        19,        19,        22,        21,        20,        17
2020-08-15,        37,        29,        26,        36,        17,        24,        29,        35,        21,        30,        29,        23,        19,        26,        27,        16,        24
2020-08-14,        33,        25,        27,        34,        22,        25,        26,        33,        22,        27,        29,        25,        25,        25,        25,        24,        25
2020-08-13,        26,        23,        24,        27,        16,        21,        24,        27,        20,        20,        22,        19,        21,        21,        22,        20,        21
2020-08-12,        23,        20,        22,        26,        17,        17,        20,        25,        18,        17,        22,        19,        21,        17,        21,        24,        18
2020-08-11,        11,        23,        22,        11,        20,        11,        19,        13,        10,        10,        16,        18,        23,        17,        20,        24,        10
2020-08-10,        13,        15,         9,        13,         8,         8,        15,        13,        12,        11,        12,         8,        13,         9,        12,        19,        10
2020-08-09,        10,        17,        11,        11,        11,         9,        13,        11,        11,        12,        13,        11,        17,        14,        15,        17,        10
2020-08-08,        14,        16,         7,        13,        12,         5,        14,        15,        14,        12,        12,         8,        21,         8,        15,        24,         6
2020-08-07,        27,        48,        18,        22,        16,         6,        37,        27,        21,        17,        19,        13,        46,        17,        42,        62,        15
2020-08-06,        16,        43,        23,        16,        20,,        30,        16,        12,        14,        18,        18,        25,        22,        32,        42,        14
2020-08-05,        35,        34,        41,        36,        28,        28,        33,        33,        16,        23,        32,        28,        33,        39,        34,        32,        26
2020-08-04,        38,        65,        44,        47,        38,        25,        54,        35,        16,        23,        38,        34,        52,        38,        57,        54,        26
2020-08-03,        15,        44,        32,        19,        29,        18,        36,        14,        12,        18,        23,        26,        38,        28,        40,        42,        18
2020-08-02,        12,        41,        28,        15,        18,        13,        33,        12,        11,        14,        17,        17,        31,        25,        36,        38,        14
2020-08-01,        15,        23,        26,        17,        16,        17,        26,        17,        17,        20,        19,        16,        21,        20,        24,        28,        17
2020-09-30,        29,        18,        21,        36,        31,        31,        18,        34,        20,        32,        34,        34,        28,        20,        23,        36,        31
2020-09-29,        31,        19,        27,        33,        24,        27,        19,        35,        23,        28,        34,        28,        24,        21,        22,        25,        28
2020-09-28,        22,        20,        23,        25,        20,        17,        20,        26,        19,        20,        25,        22,        20,        19,        21,        27,        19
2020-09-27,        13,        20,        17,        13,        16,        11,        21,        15,        16,        16,        17,        15,        17,        20,        19,        27,        14
2020-09-26,        14,        19,        20,        15,        18,        15,        21,        16,        18,        18,        19,        17,        20,        21,        19,        28,        16
2020-09-25,        12,        20,        20,        12,        17,        13,        20,        15,        18,        16,        18,        17,        18,        21,        19,        27,        14
2020-09-24,         9,        20,        18,         9,        15,        12,        21,        11,        13,        14,        15,        15,        16,        19,        19,        28,        13
2020-09-23,         8,        16,        16,         9,        15,        11,        17,        10,        10,        14,        16,        14,        16,        16,        17,        25,        12
2020-09-22,        14,        15,        19,        18,        20,        14,        16,        18,        14,        19,        22,        20,        19,        18,        19,        25,        17
2020-09-21,        23,        22,        24,        27,        22,        21,        20,        27,        17,        24,        26,        23,        23,        21,        25,        27,        22
2020-09-20,        18,        21,        23,        17,        23,        21,        20,        20,        17,        21,        23,        24,        23,        21,        22,        23,        19
2020-09-19,        19,        25,        27,        19,        23,        28,        27,        22,        20,        26,        28,        27,        20,        24,        23,        22,        23
2020-09-18,        21,        26,        28,        20,        21,        26,        28,        26,        22,        27,        25,        26,        20,        25,        25,        20,        20
2020-09-17,        22,        24,        29,        20,        15,        25,        28,        26,        23,        27,        24,        21,        19,        25,        25,        19,        21
2020-09-16,        24,        20,        29,        22,        16,        19,        23,        28,        24,        23,        22,        21,        15,        24,        21,        13,        19
2020-09-15,        34,        25,        32,        34,        23,        25,        30,        37,        26,        30,        28,        23,        24,        27,        27,        20,        24
2020-09-14,        22,        22,        24,        21,        17,        18,        28,        24,        21,        22,        19,        20,        17,        20,        21,        18,        18
2020-09-13,         7,        13,        17,         6,         9,        12,        14,         9,         9,        12,        13,        14,        13,        15,        15,        18,        11
2020-09-12,        10,        11,        15,        10,        11,        14,        12,        11,        11,        14,        14,        13,        12,        15,        12,        22,        11
2020-09-11,        25,        37,        34,        27,        24,        30,        37,        29,        22,        30,        34,        31,        28,        32,        34,        28,        30
2020-09-10,        27,        35,        34,        29,        25,        29,        40,        32,        22,        30,        31,        28,        26,        29,        30,        27,        28
2020-09-09,        26,        49,        41,        23,        23,        21,        52,        26,        21,        24,        25,        21,        28,        33,        37,        36,        21
2020-09-08,        24,        55,        45,        24,        50,        45,        53,        29,        21,        36,        43,        46,        52,        38,        51,        58,        38
2020-09-07,         6,        11,         8,         7,        14,        10,        16,         7,         8,         9,        13,        15,        15,        10,        11,        29,         7
2020-09-06,        21,        13,        18,        23,        15,        13,        18,        22,        16,        18,        20,        18,        16,        18,        13,        13,        16
2020-09-05,        31,        27,        38,        33,        37,        34,        34,        35,        29,        36,        39,        40,        33,        34,        33,        23,        34
2020-09-04,        22,        44,        39,        17,        37,        39,        44,        27,        27,        36,        36,        38,        38,        36,        40,        34,        35
2020-09-03,        15,        31,        19,        14,        24,        18,        29,        17,        17,        17,        21,        22,        26,        17,        22,        40,        17
2020-09-02,        13,        20,        15,        14,        13,        11,        17,        14,        12,        14,        16,        15,        15,        15,        18,,        12
2020-09-01,        17,        22,        23,        19,        17,        14,        18,        19,        17,        14,        19,        17,        19,        19,        24,        26,        14
2020-10-31,        28,        18,        29,        31,        37,        32,        20,        36,        28,        34,        40,        35,        27,        26,        23,        23,        37
2020-10-30,        43,        26,        33,        45,        41,        39,        25,        50,        26,        42,        53,        45,        34,        28,        29,        30,        45
2020-10-29,        38,        42,        38,        38,        25,        34,        34,        43,        29,        38,        36,        31,        24,        36,        33,        25,        34
2020-10-28,        48,        80,        66,        36,        60,        59,        76,        57,        59,        73,        56,        65,        52,        69,        65,        58,        61
2020-10-27,        76,        48,        61,        57,        56,        65,        46,        80,        56,        82,        65,        61,        46,        53,        44,        42,        71
2020-10-26,        50,        32,        38,        47,        40,        41,        32,        57,        39,        52,        51,        45,        30,        36,        31,        29,        45
2020-10-25,        29,        22,        25,        28,        28,        24,        20,        33,        25,        30,        32,        30,        26,        25,        24,        33,        29
2020-10-24,        26,        21,        23,        23,        21,        23,        18,        29,        25,        27,        27,        23,        19,        25,        19,        25,        24
2020-10-23,        26,        30,        25,        22,        28,        24,        27,        28,        31,        28,        27,        26,        27,        28,        23,        42,        23
2020-10-22,        65,        31,        50,        58,        54,        45,        35,        69,        56,        54,        62,        53,        47,        40,        37,        57,        49
2020-10-21,        43,        35,        48,        55,        39,        41,        34,        55,        34,        50,        67,        49,        33,        37,        38,        25,        54
2020-10-20,        62,        38,        47,        63,        47,        58,        40,        70,        37,        62,        72,        62,        41,        41,        39,        38,        65
2020-10-19,        58,        34,        43,        58,        39,        45,        37,        63,        37,        47,        61,        51,        31,        39,        32,        30,        48
2020-10-18,        28,        29,        31,        28,        30,        32,        30,        33,        25,        36,        36,        34,        28,        30,        27,        32,        31
2020-10-17,        29,        32,        35,        26,        33,        38,        32,        35,        23,        42,        44,        42,        29,        33,        30,        26,        39
2020-10-16,        36,        27,        39,        36,        38,        48,        24,        45,        26,        42,        53,        49,        29,        30,        30,        22,        53
2020-10-15,        31,        33,        31,        28,,        38,        30,        38,        24,        34,        37,        32,        22,        30,        29,        25,        37
2020-10-14,        33,        31,        41,        33,        27,        34,        33,        38,        28,        37,        36,        37,        27,        36,        31,        27,        34
2020-10-13,        26,        33,        30,        26,        21,        23,        32,        31,        29,        27,        27,        24,        22,        30,        27,        26,        24
2020-10-12,        34,        31,        37,        32,        35,        33,        30,        40,        30,        37,        35,        37,        31,        32,        31,        36,        31
2020-10-11,        21,        23,        22,        23,        29,        20,        22,        25,        19,        23,        32,        30,        25,        23,        23,        31,        24
2020-10-10,        18,        25,        23,        20,        25,        21,        25,        21,        18,        22,        28,        23,        24,        25,        24,        29,        24
2020-10-09,        15,        28,        24,        17,        21,        18,        31,        18,        17,        20,        24,        21,        21,        26,        25,        31,        19
2020-10-08,        14,        23,        19,        18,        17,        14,        23,        17,        14,        15,        20,        17,        19,        19,        20,        33,        15
2020-10-07,        21,        19,        21,        24,        21,        18,        20,        24,        15,        21,        28,        25,        22,        20,        21,        27,        24
2020-10-06,        21,        24,        23,        22,        19,        22,        24,        25,        17,        23,        24,        23,        18,        22,        22,        20,        21
2020-10-05,        22,        25,        26,        21,        21,        26,        24,        25,        21,        25,        25,        24,        22,        26,        24,        28,        23
2020-10-04,        25,        25,        30,        21,        22,        33,        32,        27,        29,        32,        30,        34,        21,        30,        24,        25,        27
2020-10-03,        34,        30,        26,        32,        19,        22,        34,        35,        28,        24,        32,        25,        22,        25,        26,        24,        24
2020-10-02,        23,        18,        26,        22,        21,        22,        21,        26,        23,        24,        25,        25,        20,        22,        21,        24,        23
2020-10-01,        17,        15,        16,        20,        26,        28,        18,        22,        16,        23,        29,        28,        23,        17,        19,        31,        27
2020-11-30,        28,        20,        22,        27,        21,        28,        18,        31,        21,        30,        28,        23,        18,        23,        20,        19,        27
2020-11-29,        24,        17,        16,        21,        17,        19,        16,        26,        21,        26,        25,        20,        15,        20,        16,        16,        22
2020-11-28,        22,        23,        21,        20,        17,        21,        23,        23,        22,        24,        22,        20,        16,        24,        19,        21,        20
2020-11-27,        41,        37,        38,        35,        37,        42,        33,        42,        32,        48,        41,        44,        30,        38,        34,        34,        44
2020-11-26,        58,        42,        47,        52,        44,        51,        40,        61,        35,        57,        57,        49,        37,        43,        39,        35,        55
2020-11-25,        38,        31,        33,        36,        27,        36,        27,        44,        28,        41,        38,        32,        21,        31,        26,        18,        37
2020-11-24,        27,        28,        31,        22,        16,        26,        25,        31,        25,        32,        27,        21,        16,        27,        25,        16,        26
2020-11-23,        25,        21,        23,        20,        20,        24,        19,        26,        21,        25,        24,        21,        18,        22,        20,        25,        21
2020-11-22,        25,        18,        21,        23,        18,        20,        18,        25,        15,        21,        25,        25,        15,        20,        19,        21,        20
2020-11-21,        27,        22,        29,        28,        20,        24,        24,        29,        21,        28,        34,        27,        19,        28,        22,        25,        25
2020-11-20,        22,        19,        19,        20,        20,        21,        19,        22,        16,        23,        25,        21,        18,        19,        18,        28,        20
2020-11-19,        17,        23,        12,        17,        15,        13,        19,        17,        13,        16,        19,        15,        17,        15,        14,        29,        14
2020-11-18,        40,        39,        58,        30,        26,        37,        44,        36,        40,        40,        30,        26,        30,        47,        38,        30,        34
2020-11-17,        61,        50,        85,        60,        49,        55,        56,        71,        61,        68,        66,        60,        46,        66,        56,        24,        72
2020-11-16,        68,        45,        66,        63,        48,        81,        51,        79,        68,        89,        83,        71,        43,        64,        45,        30,        94
2020-11-15,        72,        22,        42,        72,        41,        49,        25,        75,        40,        53,        71,        60,        34,        37,        29,        29,        64
2020-11-14,        69,        38,        54,        64,        54,        57,        38,        72,        40,        61,        64,        60,        43,        48,        44,        43,        62
2020-11-13,        74,        38,        59,        70,        49,        58,        39,        81,        45,        68,        66,        56,        37,        51,        40,        25,        73
2020-11-12,        63,        27,        51,        58,        35,        44,        26,        66,        33,        49,        59,        43,        29,        37,        31,        25,        54
2020-11-11,        41,        31,        46,        40,        29,        36,        33,        47,        28,        40,        40,        33,        25,        35,        31,        26,        38
2020-11-10,        27,        32,        33,        28,        27,        30,        31,        34,        24,        31,        34,        28,        22,        30,        26,        26,        30
2020-11-09,        26,        24,        29,        23,        28,        28,        23,        30,        23,        28,        29,        27,        22,        27,        24,        24,        26
2020-11-08,        58,        61,        58,        49,        58,        60,        62,        61,        56,        61,        58,        60,        59,        66,        54,        68,        52
2020-11-07,        85,        42,        57,        74,        60,        61,        40,        89,        61,        70,        79,        64,        48,        55,        44,        39,        64
2020-11-06,        45,        38,        65,        44,        44,        52,        45,        54,        35,        55,        55,        43,        38,        47,        39,        29,        64
2020-11-05,        36,        33,        45,        32,        32,        40,        35,        41,        32,        45,        39,        34,        28,        37,        29,        23,        44
2020-11-04,        29,        22,        26,        31,        24,        29,        21,        33,        24,        28,        32,        27,        20,        24,        21,        23,        27
2020-11-03,        21,        28,        27,        19,        26,        23,        26,        24,        21,        24,        25,        24,        24,        28,        24,        36,        22
2020-11-02,        44,        44,        44,        40,        41,        28,        42,        42,        39,        33,        37,        33,        40,        43,        40,        49,        25
2020-11-01,        43,        21,        31,        44,        22,        20,        25,        38,        31,        30,        26,        20,        21,        30,        28,        19,        25
2020-12-04,        31,        25,        22,        28,        19,        29,        23,        34,        28,        33,        30,        26,        16,        27,        18,        17,        31
2020-12-03,        26,        26,        28,        22,        24,        27,        24,        30,        23,        31,        29,        25,        21,        27,        23,        19,        29
2020-12-02,        34,        30,        36,        31,        26,        34,        25,        36,        23,        34,        33,        30,        21,        29,        25,        23,        34
2020-12-01,        32,        32,        31,        32,        23,        39,        28,        38,        27,        39,        37,        29,        20,        32,        25,        18,        39
